COUNTRY,Country,EMPSTAT,Employment status,FREQUENCY,Frequency,TIME,Time,Unit Code,Unit,PowerCode Code,PowerCode,Reference Period Code,Reference Period,Value,Flag Codes,Flags
AUS,Australia,TE,Total employment,A,Annual,2000,2000,HOUR,Hours,0,Units,,,1779.7,,
AUS,Australia,TE,Total employment,A,Annual,2001,2001,HOUR,Hours,0,Units,,,1746.4,,
AUS,Australia,TE,Total employment,A,Annual,2002,2002,HOUR,Hours,0,Units,,,1741.9,,
AUS,Australia,TE,Total employment,A,Annual,2003,2003,HOUR,Hours,0,Units,,,1734.9,,
AUS,Australia,TE,Total employment,A,Annual,2004,2004,HOUR,Hours,0,Units,,,1733.64,,
AUS,Australia,TE,Total employment,A,Annual,2005,2005,HOUR,Hours,0,Units,,,1732,,
AUS,Australia,TE,Total employment,A,Annual,2006,2006,HOUR,Hours,0,Units,,,1721.7,,
AUS,Australia,TE,Total employment,A,Annual,2007,2007,HOUR,Hours,0,Units,,,1722.6,,
AUS,Australia,TE,Total employment,A,Annual,2008,2008,HOUR,Hours,0,Units,,,1720.8,,
AUS,Australia,TE,Total employment,A,Annual,2009,2009,HOUR,Hours,0,Units,,,1692.1,,
AUS,Australia,TE,Total employment,A,Annual,2010,2010,HOUR,Hours,0,Units,,,1699.7,,
AUS,Australia,TE,Total employment,A,Annual,2011,2011,HOUR,Hours,0,Units,,,1699.2,,
AUS,Australia,TE,Total employment,A,Annual,2012,2012,HOUR,Hours,0,Units,,,1691.9,,
AUS,Australia,TE,Total employment,A,Annual,2013,2013,HOUR,Hours,0,Units,,,1689.599976,,
AUS,Australia,TE,Total employment,A,Annual,2014,2014,HOUR,Hours,0,Units,,,1682.699951,,
AUS,Australia,TE,Total employment,A,Annual,2015,2015,HOUR,Hours,0,Units,,,1682.900024,,
AUS,Australia,TE,Total employment,A,Annual,2016,2016,HOUR,Hours,0,Units,,,1672.199951,,
AUS,Australia,TE,Total employment,A,Annual,2017,2017,HOUR,Hours,0,Units,,,1675.900024,,
AUT,Austria,TE,Total employment,A,Annual,2000,2000,HOUR,Hours,0,Units,,,1798.4,,
AUT,Austria,TE,Total employment,A,Annual,2001,2001,HOUR,Hours,0,Units,,,1785.4,,
AUT,Austria,TE,Total employment,A,Annual,2002,2002,HOUR,Hours,0,Units,,,1782.8,,
AUT,Austria,TE,Total employment,A,Annual,2003,2003,HOUR,Hours,0,Units,,,1774,,
AUT,Austria,TE,Total employment,A,Annual,2004,2004,HOUR,Hours,0,Units,,,1776.5,,
AUT,Austria,TE,Total employment,A,Annual,2005,2005,HOUR,Hours,0,Units,,,1752.5,,
AUT,Austria,TE,Total employment,A,Annual,2006,2006,HOUR,Hours,0,Units,,,1735.7,,
AUT,Austria,TE,Total employment,A,Annual,2007,2007,HOUR,Hours,0,Units,,,1724.8,,
AUT,Austria,TE,Total employment,A,Annual,2008,2008,HOUR,Hours,0,Units,,,1717.2,,
AUT,Austria,TE,Total employment,A,Annual,2009,2009,HOUR,Hours,0,Units,,,1673.1,,
AUT,Austria,TE,Total employment,A,Annual,2010,2010,HOUR,Hours,0,Units,,,1665.8,,
AUT,Austria,TE,Total employment,A,Annual,2011,2011,HOUR,Hours,0,Units,,,1671.7,,
AUT,Austria,TE,Total employment,A,Annual,2012,2012,HOUR,Hours,0,Units,,,1647.9,,
AUT,Austria,TE,Total employment,A,Annual,2013,2013,HOUR,Hours,0,Units,,,1632.1,,
AUT,Austria,TE,Total employment,A,Annual,2014,2014,HOUR,Hours,0,Units,,,1621.6,,
AUT,Austria,TE,Total employment,A,Annual,2015,2015,HOUR,Hours,0,Units,,,1598.9,,
AUT,Austria,TE,Total employment,A,Annual,2016,2016,HOUR,Hours,0,Units,,,1609.4,,
AUT,Austria,TE,Total employment,A,Annual,2017,2017,HOUR,Hours,0,Units,,,1613.1,,
BEL,Belgium,TE,Total employment,A,Annual,2000,2000,HOUR,Hours,0,Units,,,1595,,
BEL,Belgium,TE,Total employment,A,Annual,2001,2001,HOUR,Hours,0,Units,,,1588,,
BEL,Belgium,TE,Total employment,A,Annual,2002,2002,HOUR,Hours,0,Units,,,1583,,
BEL,Belgium,TE,Total employment,A,Annual,2003,2003,HOUR,Hours,0,Units,,,1578,,
BEL,Belgium,TE,Total employment,A,Annual,2004,2004,HOUR,Hours,0,Units,,,1573,,
BEL,Belgium,TE,Total employment,A,Annual,2005,2005,HOUR,Hours,0,Units,,,1565,,
BEL,Belgium,TE,Total employment,A,Annual,2006,2006,HOUR,Hours,0,Units,,,1572,,
BEL,Belgium,TE,Total employment,A,Annual,2007,2007,HOUR,Hours,0,Units,,,1577,,
BEL,Belgium,TE,Total employment,A,Annual,2008,2008,HOUR,Hours,0,Units,,,1570,,
BEL,Belgium,TE,Total employment,A,Annual,2009,2009,HOUR,Hours,0,Units,,,1548,,
BEL,Belgium,TE,Total employment,A,Annual,2010,2010,HOUR,Hours,0,Units,,,1546,,
BEL,Belgium,TE,Total employment,A,Annual,2011,2011,HOUR,Hours,0,Units,,,1560,,
BEL,Belgium,TE,Total employment,A,Annual,2012,2012,HOUR,Hours,0,Units,,,1560,,
BEL,Belgium,TE,Total employment,A,Annual,2013,2013,HOUR,Hours,0,Units,,,1558,,
BEL,Belgium,TE,Total employment,A,Annual,2014,2014,HOUR,Hours,0,Units,,,1555,,
BEL,Belgium,TE,Total employment,A,Annual,2015,2015,HOUR,Hours,0,Units,,,1545,,
BEL,Belgium,TE,Total employment,A,Annual,2016,2016,HOUR,Hours,0,Units,,,1546,,
CAN,Canada,TE,Total employment,A,Annual,2000,2000,HOUR,Hours,0,Units,,,1779,,
CAN,Canada,TE,Total employment,A,Annual,2001,2001,HOUR,Hours,0,Units,,,1771,,
CAN,Canada,TE,Total employment,A,Annual,2002,2002,HOUR,Hours,0,Units,,,1754,,
CAN,Canada,TE,Total employment,A,Annual,2003,2003,HOUR,Hours,0,Units,,,1746,,
CAN,Canada,TE,Total employment,A,Annual,2004,2004,HOUR,Hours,0,Units,,,1759,,
CAN,Canada,TE,Total employment,A,Annual,2005,2005,HOUR,Hours,0,Units,,,1747,,
CAN,Canada,TE,Total employment,A,Annual,2006,2006,HOUR,Hours,0,Units,,,1745,,
CAN,Canada,TE,Total employment,A,Annual,2007,2007,HOUR,Hours,0,Units,,,1741,,
CAN,Canada,TE,Total employment,A,Annual,2008,2008,HOUR,Hours,0,Units,,,1735,,
CAN,Canada,TE,Total employment,A,Annual,2009,2009,HOUR,Hours,0,Units,,,1701,,
CAN,Canada,TE,Total employment,A,Annual,2010,2010,HOUR,Hours,0,Units,,,1703,,
CAN,Canada,TE,Total employment,A,Annual,2011,2011,HOUR,Hours,0,Units,,,1700,,
CAN,Canada,TE,Total employment,A,Annual,2012,2012,HOUR,Hours,0,Units,,,1713,,
CAN,Canada,TE,Total employment,A,Annual,2013,2013,HOUR,Hours,0,Units,,,1711,,
CAN,Canada,TE,Total employment,A,Annual,2014,2014,HOUR,Hours,0,Units,,,1706,,
CAN,Canada,TE,Total employment,A,Annual,2015,2015,HOUR,Hours,0,Units,,,1711,,
CAN,Canada,TE,Total employment,A,Annual,2016,2016,HOUR,Hours,0,Units,,,1706,,
CAN,Canada,TE,Total employment,A,Annual,2017,2017,HOUR,Hours,0,Units,,,1695,,
CZE,Czech Republic,TE,Total employment,A,Annual,2000,2000,HOUR,Hours,0,Units,,,1896,,
CZE,Czech Republic,TE,Total employment,A,Annual,2001,2001,HOUR,Hours,0,Units,,,1818,,
CZE,Czech Republic,TE,Total employment,A,Annual,2002,2002,HOUR,Hours,0,Units,,,1816,,
CZE,Czech Republic,TE,Total employment,A,Annual,2003,2003,HOUR,Hours,0,Units,,,1806,,
CZE,Czech Republic,TE,Total employment,A,Annual,2004,2004,HOUR,Hours,0,Units,,,1817,,
CZE,Czech Republic,TE,Total employment,A,Annual,2005,2005,HOUR,Hours,0,Units,,,1817,,
CZE,Czech Republic,TE,Total employment,A,Annual,2006,2006,HOUR,Hours,0,Units,,,1799,,
CZE,Czech Republic,TE,Total employment,A,Annual,2007,2007,HOUR,Hours,0,Units,,,1784,,
CZE,Czech Republic,TE,Total employment,A,Annual,2008,2008,HOUR,Hours,0,Units,,,1790,,
CZE,Czech Republic,TE,Total employment,A,Annual,2009,2009,HOUR,Hours,0,Units,,,1779,,
CZE,Czech Republic,TE,Total employment,A,Annual,2010,2010,HOUR,Hours,0,Units,,,1800,,
CZE,Czech Republic,TE,Total employment,A,Annual,2011,2011,HOUR,Hours,0,Units,,,1806,,
CZE,Czech Republic,TE,Total employment,A,Annual,2012,2012,HOUR,Hours,0,Units,,,1776,,
CZE,Czech Republic,TE,Total employment,A,Annual,2013,2013,HOUR,Hours,0,Units,,,1763,,
CZE,Czech Republic,TE,Total employment,A,Annual,2014,2014,HOUR,Hours,0,Units,,,1777,,
CZE,Czech Republic,TE,Total employment,A,Annual,2015,2015,HOUR,Hours,0,Units,,,1756,,
CZE,Czech Republic,TE,Total employment,A,Annual,2016,2016,HOUR,Hours,0,Units,,,1778,,
CZE,Czech Republic,TE,Total employment,A,Annual,2017,2017,HOUR,Hours,0,Units,,,1776,,
DNK,Denmark,TE,Total employment,A,Annual,2000,2000,HOUR,Hours,0,Units,,,1466,,
DNK,Denmark,TE,Total employment,A,Annual,2001,2001,HOUR,Hours,0,Units,,,1469,,
DNK,Denmark,TE,Total employment,A,Annual,2002,2002,HOUR,Hours,0,Units,,,1463,,
DNK,Denmark,TE,Total employment,A,Annual,2003,2003,HOUR,Hours,0,Units,,,1458,,
DNK,Denmark,TE,Total employment,A,Annual,2004,2004,HOUR,Hours,0,Units,,,1458,,
DNK,Denmark,TE,Total employment,A,Annual,2005,2005,HOUR,Hours,0,Units,,,1451,,
DNK,Denmark,TE,Total employment,A,Annual,2006,2006,HOUR,Hours,0,Units,,,1456,,
DNK,Denmark,TE,Total employment,A,Annual,2007,2007,HOUR,Hours,0,Units,,,1433,,
DNK,Denmark,TE,Total employment,A,Annual,2008,2008,HOUR,Hours,0,Units,,,1430,,
DNK,Denmark,TE,Total employment,A,Annual,2009,2009,HOUR,Hours,0,Units,,,1417,,
DNK,Denmark,TE,Total employment,A,Annual,2010,2010,HOUR,Hours,0,Units,,,1422,,
DNK,Denmark,TE,Total employment,A,Annual,2011,2011,HOUR,Hours,0,Units,,,1437,,
DNK,Denmark,TE,Total employment,A,Annual,2012,2012,HOUR,Hours,0,Units,,,1423,,
DNK,Denmark,TE,Total employment,A,Annual,2013,2013,HOUR,Hours,0,Units,,,1426,,
DNK,Denmark,TE,Total employment,A,Annual,2014,2014,HOUR,Hours,0,Units,,,1414,,
DNK,Denmark,TE,Total employment,A,Annual,2015,2015,HOUR,Hours,0,Units,,,1407,,
DNK,Denmark,TE,Total employment,A,Annual,2016,2016,HOUR,Hours,0,Units,,,1414,,
DNK,Denmark,TE,Total employment,A,Annual,2017,2017,HOUR,Hours,0,Units,,,1408,,
FIN,Finland,TE,Total employment,A,Annual,2000,2000,HOUR,Hours,0,Units,,,1742,,
FIN,Finland,TE,Total employment,A,Annual,2001,2001,HOUR,Hours,0,Units,,,1723,,
FIN,Finland,TE,Total employment,A,Annual,2002,2002,HOUR,Hours,0,Units,,,1714,,
FIN,Finland,TE,Total employment,A,Annual,2003,2003,HOUR,Hours,0,Units,,,1705,,
FIN,Finland,TE,Total employment,A,Annual,2004,2004,HOUR,Hours,0,Units,,,1707,,
FIN,Finland,TE,Total employment,A,Annual,2005,2005,HOUR,Hours,0,Units,,,1697,,
FIN,Finland,TE,Total employment,A,Annual,2006,2006,HOUR,Hours,0,Units,,,1693,,
FIN,Finland,TE,Total employment,A,Annual,2007,2007,HOUR,Hours,0,Units,,,1691,,
FIN,Finland,TE,Total employment,A,Annual,2008,2008,HOUR,Hours,0,Units,,,1685,,
FIN,Finland,TE,Total employment,A,Annual,2009,2009,HOUR,Hours,0,Units,,,1661,,
FIN,Finland,TE,Total employment,A,Annual,2010,2010,HOUR,Hours,0,Units,,,1668,,
FIN,Finland,TE,Total employment,A,Annual,2011,2011,HOUR,Hours,0,Units,,,1662,,
FIN,Finland,TE,Total employment,A,Annual,2012,2012,HOUR,Hours,0,Units,,,1650,,
FIN,Finland,TE,Total employment,A,Annual,2013,2013,HOUR,Hours,0,Units,,,1640,,
FIN,Finland,TE,Total employment,A,Annual,2014,2014,HOUR,Hours,0,Units,,,1636,,
FIN,Finland,TE,Total employment,A,Annual,2015,2015,HOUR,Hours,0,Units,,,1637,,
FIN,Finland,TE,Total employment,A,Annual,2016,2016,HOUR,Hours,0,Units,,,1635,,
FIN,Finland,TE,Total employment,A,Annual,2017,2017,HOUR,Hours,0,Units,,,1628,,
FRA,France,TE,Total employment,A,Annual,2000,2000,HOUR,Hours,0,Units,,,1549.98,,
FRA,France,TE,Total employment,A,Annual,2001,2001,HOUR,Hours,0,Units,,,1530.47,,
FRA,France,TE,Total employment,A,Annual,2002,2002,HOUR,Hours,0,Units,,,1497.31,,
FRA,France,TE,Total employment,A,Annual,2003,2003,HOUR,Hours,0,Units,,,1502.1,,
FRA,France,TE,Total employment,A,Annual,2004,2004,HOUR,Hours,0,Units,,,1526.01,,
FRA,France,TE,Total employment,A,Annual,2005,2005,HOUR,Hours,0,Units,,,1527.35,,
FRA,France,TE,Total employment,A,Annual,2006,2006,HOUR,Hours,0,Units,,,1510.61,,
FRA,France,TE,Total employment,A,Annual,2007,2007,HOUR,Hours,0,Units,,,1530.01,,
FRA,France,TE,Total employment,A,Annual,2008,2008,HOUR,Hours,0,Units,,,1537.78,,
FRA,France,TE,Total employment,A,Annual,2009,2009,HOUR,Hours,0,Units,,,1521.26,,
FRA,France,TE,Total employment,A,Annual,2010,2010,HOUR,Hours,0,Units,,,1527.96,,
FRA,France,TE,Total employment,A,Annual,2011,2011,HOUR,Hours,0,Units,,,1534.62,,
FRA,France,TE,Total employment,A,Annual,2012,2012,HOUR,Hours,0,Units,,,1528.91,,
FRA,France,TE,Total employment,A,Annual,2013,2013,HOUR,Hours,0,Units,,,1513.9,,
FRA,France,TE,Total employment,A,Annual,2014,2014,HOUR,Hours,0,Units,,,1508.97,,
FRA,France,TE,Total employment,A,Annual,2015,2015,HOUR,Hours,0,Units,,,1509.43,,
FRA,France,TE,Total employment,A,Annual,2016,2016,HOUR,Hours,0,Units,,,1502.73,,
FRA,France,TE,Total employment,A,Annual,2017,2017,HOUR,Hours,0,Units,,,1514,,
DEU,Germany,TE,Total employment,A,Annual,2000,2000,HOUR,Hours,0,Units,,,1452,,
DEU,Germany,TE,Total employment,A,Annual,2001,2001,HOUR,Hours,0,Units,,,1441.9,,
DEU,Germany,TE,Total employment,A,Annual,2002,2002,HOUR,Hours,0,Units,,,1430.9,,
DEU,Germany,TE,Total employment,A,Annual,2003,2003,HOUR,Hours,0,Units,,,1424.8,,
DEU,Germany,TE,Total employment,A,Annual,2004,2004,HOUR,Hours,0,Units,,,1422.2,,
DEU,Germany,TE,Total employment,A,Annual,2005,2005,HOUR,Hours,0,Units,,,1411.3,,
DEU,Germany,TE,Total employment,A,Annual,2006,2006,HOUR,Hours,0,Units,,,1424.7,,
DEU,Germany,TE,Total employment,A,Annual,2007,2007,HOUR,Hours,0,Units,,,1424.4,,
DEU,Germany,TE,Total employment,A,Annual,2008,2008,HOUR,Hours,0,Units,,,1418.4,,
DEU,Germany,TE,Total employment,A,Annual,2009,2009,HOUR,Hours,0,Units,,,1372.7,,
DEU,Germany,TE,Total employment,A,Annual,2010,2010,HOUR,Hours,0,Units,,,1389.9,,
DEU,Germany,TE,Total employment,A,Annual,2011,2011,HOUR,Hours,0,Units,,,1392.8,,
DEU,Germany,TE,Total employment,A,Annual,2012,2012,HOUR,Hours,0,Units,,,1375,,
DEU,Germany,TE,Total employment,A,Annual,2013,2013,HOUR,Hours,0,Units,,,1362.1,,
DEU,Germany,TE,Total employment,A,Annual,2014,2014,HOUR,Hours,0,Units,,,1367.6,,
DEU,Germany,TE,Total employment,A,Annual,2015,2015,HOUR,Hours,0,Units,,,1367.8,,
DEU,Germany,TE,Total employment,A,Annual,2016,2016,HOUR,Hours,0,Units,,,1363.4,,
DEU,Germany,TE,Total employment,A,Annual,2017,2017,HOUR,Hours,0,Units,,,1356,,
GRC,Greece,TE,Total employment,A,Annual,2000,2000,HOUR,Hours,0,Units,,,2108,,
GRC,Greece,TE,Total employment,A,Annual,2001,2001,HOUR,Hours,0,Units,,,2101,,
GRC,Greece,TE,Total employment,A,Annual,2002,2002,HOUR,Hours,0,Units,,,2093,,
GRC,Greece,TE,Total employment,A,Annual,2003,2003,HOUR,Hours,0,Units,,,2091,,
GRC,Greece,TE,Total employment,A,Annual,2004,2004,HOUR,Hours,0,Units,,,2083,,
GRC,Greece,TE,Total employment,A,Annual,2005,2005,HOUR,Hours,0,Units,,,2136,,
GRC,Greece,TE,Total employment,A,Annual,2006,2006,HOUR,Hours,0,Units,,,2125,,
GRC,Greece,TE,Total employment,A,Annual,2007,2007,HOUR,Hours,0,Units,,,2111,,
GRC,Greece,TE,Total employment,A,Annual,2008,2008,HOUR,Hours,0,Units,,,2106,,
GRC,Greece,TE,Total employment,A,Annual,2009,2009,HOUR,Hours,0,Units,,,2081,,
GRC,Greece,TE,Total employment,A,Annual,2010,2010,HOUR,Hours,0,Units,,,2020,,
GRC,Greece,TE,Total employment,A,Annual,2011,2011,HOUR,Hours,0,Units,,,2038,,
GRC,Greece,TE,Total employment,A,Annual,2012,2012,HOUR,Hours,0,Units,,,2055,,
GRC,Greece,TE,Total employment,A,Annual,2013,2013,HOUR,Hours,0,Units,,,2059,,
GRC,Greece,TE,Total employment,A,Annual,2014,2014,HOUR,Hours,0,Units,,,2021,,
GRC,Greece,TE,Total employment,A,Annual,2015,2015,HOUR,Hours,0,Units,,,2031,,
GRC,Greece,TE,Total employment,A,Annual,2016,2016,HOUR,Hours,0,Units,,,2030,,
GRC,Greece,TE,Total employment,A,Annual,2017,2017,HOUR,Hours,0,Units,,,2018,,
HUN,Hungary,TE,Total employment,A,Annual,2000,2000,HOUR,Hours,0,Units,,,1845,,
HUN,Hungary,TE,Total employment,A,Annual,2001,2001,HOUR,Hours,0,Units,,,1809,,
HUN,Hungary,TE,Total employment,A,Annual,2002,2002,HOUR,Hours,0,Units,,,1820,,
HUN,Hungary,TE,Total employment,A,Annual,2003,2003,HOUR,Hours,0,Units,,,1795,,
HUN,Hungary,TE,Total employment,A,Annual,2004,2004,HOUR,Hours,0,Units,,,1802,,
HUN,Hungary,TE,Total employment,A,Annual,2005,2005,HOUR,Hours,0,Units,,,1803,,
HUN,Hungary,TE,Total employment,A,Annual,2006,2006,HOUR,Hours,0,Units,,,1800,,
HUN,Hungary,TE,Total employment,A,Annual,2007,2007,HOUR,Hours,0,Units,,,1795,,
HUN,Hungary,TE,Total employment,A,Annual,2008,2008,HOUR,Hours,0,Units,,,1798,,
HUN,Hungary,TE,Total employment,A,Annual,2009,2009,HOUR,Hours,0,Units,,,1781,,
HUN,Hungary,TE,Total employment,A,Annual,2010,2010,HOUR,Hours,0,Units,,,1777,,
HUN,Hungary,TE,Total employment,A,Annual,2011,2011,HOUR,Hours,0,Units,,,1769.8,,
HUN,Hungary,TE,Total employment,A,Annual,2012,2012,HOUR,Hours,0,Units,,,1750,,
HUN,Hungary,TE,Total employment,A,Annual,2013,2013,HOUR,Hours,0,Units,,,1744.6,,
HUN,Hungary,TE,Total employment,A,Annual,2014,2014,HOUR,Hours,0,Units,,,1751.6,,
HUN,Hungary,TE,Total employment,A,Annual,2015,2015,HOUR,Hours,0,Units,,,1748.9,,
HUN,Hungary,TE,Total employment,A,Annual,2016,2016,HOUR,Hours,0,Units,,,1759.4,,
HUN,Hungary,TE,Total employment,A,Annual,2017,2017,HOUR,Hours,0,Units,,,1740.4,,
IRL,Ireland,TE,Total employment,A,Annual,2000,2000,HOUR,Hours,0,Units,,,1826,,
IRL,Ireland,TE,Total employment,A,Annual,2001,2001,HOUR,Hours,0,Units,,,1818,,
IRL,Ireland,TE,Total employment,A,Annual,2002,2002,HOUR,Hours,0,Units,,,1800,,
IRL,Ireland,TE,Total employment,A,Annual,2003,2003,HOUR,Hours,0,Units,,,1783,,
IRL,Ireland,TE,Total employment,A,Annual,2004,2004,HOUR,Hours,0,Units,,,1772,,
IRL,Ireland,TE,Total employment,A,Annual,2005,2005,HOUR,Hours,0,Units,,,1780,,
IRL,Ireland,TE,Total employment,A,Annual,2006,2006,HOUR,Hours,0,Units,,,1776,,
IRL,Ireland,TE,Total employment,A,Annual,2007,2007,HOUR,Hours,0,Units,,,1763,,
IRL,Ireland,TE,Total employment,A,Annual,2008,2008,HOUR,Hours,0,Units,,,1743,,
IRL,Ireland,TE,Total employment,A,Annual,2009,2009,HOUR,Hours,0,Units,,,1713,,
IRL,Ireland,TE,Total employment,A,Annual,2010,2010,HOUR,Hours,0,Units,,,1702,,
IRL,Ireland,TE,Total employment,A,Annual,2011,2011,HOUR,Hours,0,Units,,,1702,,
IRL,Ireland,TE,Total employment,A,Annual,2012,2012,HOUR,Hours,0,Units,,,1707,,
IRL,Ireland,TE,Total employment,A,Annual,2013,2013,HOUR,Hours,0,Units,,,1720,,
IRL,Ireland,TE,Total employment,A,Annual,2014,2014,HOUR,Hours,0,Units,,,1731,,
IRL,Ireland,TE,Total employment,A,Annual,2015,2015,HOUR,Hours,0,Units,,,1741,,
IRL,Ireland,TE,Total employment,A,Annual,2016,2016,HOUR,Hours,0,Units,,,1739,,
IRL,Ireland,TE,Total employment,A,Annual,2017,2017,HOUR,Hours,0,Units,,,1738,,
ITA,Italy,TE,Total employment,A,Annual,2000,2000,HOUR,Hours,0,Units,,,1850.8,,
ITA,Italy,TE,Total employment,A,Annual,2001,2001,HOUR,Hours,0,Units,,,1837.8,,
ITA,Italy,TE,Total employment,A,Annual,2002,2002,HOUR,Hours,0,Units,,,1826.6,,
ITA,Italy,TE,Total employment,A,Annual,2003,2003,HOUR,Hours,0,Units,,,1815.8,,
ITA,Italy,TE,Total employment,A,Annual,2004,2004,HOUR,Hours,0,Units,,,1815.3,,
ITA,Italy,TE,Total employment,A,Annual,2005,2005,HOUR,Hours,0,Units,,,1812.1,,
ITA,Italy,TE,Total employment,A,Annual,2006,2006,HOUR,Hours,0,Units,,,1812.6,,
ITA,Italy,TE,Total employment,A,Annual,2007,2007,HOUR,Hours,0,Units,,,1818.2,,
ITA,Italy,TE,Total employment,A,Annual,2008,2008,HOUR,Hours,0,Units,,,1807,,
ITA,Italy,TE,Total employment,A,Annual,2009,2009,HOUR,Hours,0,Units,,,1775.7,,
ITA,Italy,TE,Total employment,A,Annual,2010,2010,HOUR,Hours,0,Units,,,1777.3,,
ITA,Italy,TE,Total employment,A,Annual,2011,2011,HOUR,Hours,0,Units,,,1773.3,,
ITA,Italy,TE,Total employment,A,Annual,2012,2012,HOUR,Hours,0,Units,,,1734.2,,
ITA,Italy,TE,Total employment,A,Annual,2013,2013,HOUR,Hours,0,Units,,,1719.51,,
ITA,Italy,TE,Total employment,A,Annual,2014,2014,HOUR,Hours,0,Units,,,1717.14,,
ITA,Italy,TE,Total employment,A,Annual,2015,2015,HOUR,Hours,0,Units,,,1718,,
ITA,Italy,TE,Total employment,A,Annual,2016,2016,HOUR,Hours,0,Units,,,1724.42,,
ITA,Italy,TE,Total employment,A,Annual,2017,2017,HOUR,Hours,0,Units,,,1722.61,,
JPN,Japan,TE,Total employment,A,Annual,2000,2000,HOUR,Hours,0,Units,,,1821,,
JPN,Japan,TE,Total employment,A,Annual,2001,2001,HOUR,Hours,0,Units,,,1809,,
JPN,Japan,TE,Total employment,A,Annual,2002,2002,HOUR,Hours,0,Units,,,1798,,
JPN,Japan,TE,Total employment,A,Annual,2003,2003,HOUR,Hours,0,Units,,,1799,,
JPN,Japan,TE,Total employment,A,Annual,2004,2004,HOUR,Hours,0,Units,,,1787,,
JPN,Japan,TE,Total employment,A,Annual,2005,2005,HOUR,Hours,0,Units,,,1775,,
JPN,Japan,TE,Total employment,A,Annual,2006,2006,HOUR,Hours,0,Units,,,1784,,
JPN,Japan,TE,Total employment,A,Annual,2007,2007,HOUR,Hours,0,Units,,,1785,,
JPN,Japan,TE,Total employment,A,Annual,2008,2008,HOUR,Hours,0,Units,,,1771,,
JPN,Japan,TE,Total employment,A,Annual,2009,2009,HOUR,Hours,0,Units,,,1714,,
JPN,Japan,TE,Total employment,A,Annual,2010,2010,HOUR,Hours,0,Units,,,1733,,
JPN,Japan,TE,Total employment,A,Annual,2011,2011,HOUR,Hours,0,Units,,,1728,,
JPN,Japan,TE,Total employment,A,Annual,2012,2012,HOUR,Hours,0,Units,,,1745,,
JPN,Japan,TE,Total employment,A,Annual,2013,2013,HOUR,Hours,0,Units,,,1734,,
JPN,Japan,TE,Total employment,A,Annual,2014,2014,HOUR,Hours,0,Units,,,1729,,
JPN,Japan,TE,Total employment,A,Annual,2015,2015,HOUR,Hours,0,Units,,,1719,,
JPN,Japan,TE,Total employment,A,Annual,2016,2016,HOUR,Hours,0,Units,,,1714,,
JPN,Japan,TE,Total employment,A,Annual,2017,2017,HOUR,Hours,0,Units,,,1710,,
KOR,Korea,TE,Total employment,A,Annual,2008,2008,HOUR,Hours,0,Units,,,2209,,
KOR,Korea,TE,Total employment,A,Annual,2009,2009,HOUR,Hours,0,Units,,,2160,,
KOR,Korea,TE,Total employment,A,Annual,2010,2010,HOUR,Hours,0,Units,,,2146,,
KOR,Korea,TE,Total employment,A,Annual,2011,2011,HOUR,Hours,0,Units,,,2119,,
KOR,Korea,TE,Total employment,A,Annual,2012,2012,HOUR,Hours,0,Units,,,2103,,
KOR,Korea,TE,Total employment,A,Annual,2013,2013,HOUR,Hours,0,Units,,,2093,,
KOR,Korea,TE,Total employment,A,Annual,2014,2014,HOUR,Hours,0,Units,,,2067,,
KOR,Korea,TE,Total employment,A,Annual,2015,2015,HOUR,Hours,0,Units,,,2084,,
KOR,Korea,TE,Total employment,A,Annual,2016,2016,HOUR,Hours,0,Units,,,2071,,
KOR,Korea,TE,Total employment,A,Annual,2017,2017,HOUR,Hours,0,Units,,,2024,,
LUX,Luxembourg,TE,Total employment,A,Annual,2000,2000,HOUR,Hours,0,Units,,,1603,,
LUX,Luxembourg,TE,Total employment,A,Annual,2001,2001,HOUR,Hours,0,Units,,,1585,,
LUX,Luxembourg,TE,Total employment,A,Annual,2002,2002,HOUR,Hours,0,Units,,,1581,,
LUX,Luxembourg,TE,Total employment,A,Annual,2003,2003,HOUR,Hours,0,Units,,,1579,,
LUX,Luxembourg,TE,Total employment,A,Annual,2004,2004,HOUR,Hours,0,Units,,,1578,,
LUX,Luxembourg,TE,Total employment,A,Annual,2005,2005,HOUR,Hours,0,Units,,,1550,,
LUX,Luxembourg,TE,Total employment,A,Annual,2006,2006,HOUR,Hours,0,Units,,,1552,,
LUX,Luxembourg,TE,Total employment,A,Annual,2007,2007,HOUR,Hours,0,Units,,,1566,,
LUX,Luxembourg,TE,Total employment,A,Annual,2008,2008,HOUR,Hours,0,Units,,,1567,,
LUX,Luxembourg,TE,Total employment,A,Annual,2009,2009,HOUR,Hours,0,Units,,,1517,,
LUX,Luxembourg,TE,Total employment,A,Annual,2010,2010,HOUR,Hours,0,Units,,,1517,,
LUX,Luxembourg,TE,Total employment,A,Annual,2011,2011,HOUR,Hours,0,Units,,,1515,,
LUX,Luxembourg,TE,Total employment,A,Annual,2012,2012,HOUR,Hours,0,Units,,,1508,,
LUX,Luxembourg,TE,Total employment,A,Annual,2013,2013,HOUR,Hours,0,Units,,,1503,,
LUX,Luxembourg,TE,Total employment,A,Annual,2014,2014,HOUR,Hours,0,Units,,,1508,,
LUX,Luxembourg,TE,Total employment,A,Annual,2015,2015,HOUR,Hours,0,Units,,,1521,,
LUX,Luxembourg,TE,Total employment,A,Annual,2016,2016,HOUR,Hours,0,Units,,,1519,,
LUX,Luxembourg,TE,Total employment,A,Annual,2017,2017,HOUR,Hours,0,Units,,,1518,,
MEX,Mexico,TE,Total employment,A,Annual,2000,2000,HOUR,Hours,0,Units,,,2311.2,,
MEX,Mexico,TE,Total employment,A,Annual,2001,2001,HOUR,Hours,0,Units,,,2285.2,,
MEX,Mexico,TE,Total employment,A,Annual,2002,2002,HOUR,Hours,0,Units,,,2271.2,,
MEX,Mexico,TE,Total employment,A,Annual,2003,2003,HOUR,Hours,0,Units,,,2276.5,,
MEX,Mexico,TE,Total employment,A,Annual,2004,2004,HOUR,Hours,0,Units,,,2270.6,,
MEX,Mexico,TE,Total employment,A,Annual,2005,2005,HOUR,Hours,0,Units,,,2289.6,,
MEX,Mexico,TE,Total employment,A,Annual,2006,2006,HOUR,Hours,0,Units,,,2277.8,,
MEX,Mexico,TE,Total employment,A,Annual,2007,2007,HOUR,Hours,0,Units,,,2259.8,,
MEX,Mexico,TE,Total employment,A,Annual,2008,2008,HOUR,Hours,0,Units,,,2263.7,,
MEX,Mexico,TE,Total employment,A,Annual,2009,2009,HOUR,Hours,0,Units,,,2254.5,,
MEX,Mexico,TE,Total employment,A,Annual,2010,2010,HOUR,Hours,0,Units,,,2253.5,,
MEX,Mexico,TE,Total employment,A,Annual,2011,2011,HOUR,Hours,0,Units,,,2247.5,,
MEX,Mexico,TE,Total employment,A,Annual,2012,2012,HOUR,Hours,0,Units,,,2238.6,,
MEX,Mexico,TE,Total employment,A,Annual,2013,2013,HOUR,Hours,0,Units,,,2244.2,,
MEX,Mexico,TE,Total employment,A,Annual,2014,2014,HOUR,Hours,0,Units,,,2242.2,,
MEX,Mexico,TE,Total employment,A,Annual,2015,2015,HOUR,Hours,0,Units,,,2248.3,,
MEX,Mexico,TE,Total employment,A,Annual,2016,2016,HOUR,Hours,0,Units,,,2254.6,,
MEX,Mexico,TE,Total employment,A,Annual,2017,2017,HOUR,Hours,0,Units,,,2257.4,,
NLD,Netherlands,TE,Total employment,A,Annual,2000,2000,HOUR,Hours,0,Units,,,1462,,
NLD,Netherlands,TE,Total employment,A,Annual,2001,2001,HOUR,Hours,0,Units,,,1452,,
NLD,Netherlands,TE,Total employment,A,Annual,2002,2002,HOUR,Hours,0,Units,,,1435,,
NLD,Netherlands,TE,Total employment,A,Annual,2003,2003,HOUR,Hours,0,Units,,,1427,,
NLD,Netherlands,TE,Total employment,A,Annual,2004,2004,HOUR,Hours,0,Units,,,1448,,
NLD,Netherlands,TE,Total employment,A,Annual,2005,2005,HOUR,Hours,0,Units,,,1434,,
NLD,Netherlands,TE,Total employment,A,Annual,2006,2006,HOUR,Hours,0,Units,,,1430,,
NLD,Netherlands,TE,Total employment,A,Annual,2007,2007,HOUR,Hours,0,Units,,,1430,,
NLD,Netherlands,TE,Total employment,A,Annual,2008,2008,HOUR,Hours,0,Units,,,1430,,
NLD,Netherlands,TE,Total employment,A,Annual,2009,2009,HOUR,Hours,0,Units,,,1422,,
NLD,Netherlands,TE,Total employment,A,Annual,2010,2010,HOUR,Hours,0,Units,,,1421,,
NLD,Netherlands,TE,Total employment,A,Annual,2011,2011,HOUR,Hours,0,Units,,,1422,,
NLD,Netherlands,TE,Total employment,A,Annual,2012,2012,HOUR,Hours,0,Units,,,1413,,
NLD,Netherlands,TE,Total employment,A,Annual,2013,2013,HOUR,Hours,0,Units,,,1418,,
NLD,Netherlands,TE,Total employment,A,Annual,2014,2014,HOUR,Hours,0,Units,,,1429,,
NLD,Netherlands,TE,Total employment,A,Annual,2015,2015,HOUR,Hours,0,Units,,,1424,,
NLD,Netherlands,TE,Total employment,A,Annual,2016,2016,HOUR,Hours,0,Units,,,1437,,
NLD,Netherlands,TE,Total employment,A,Annual,2017,2017,HOUR,Hours,0,Units,,,1433,,
NZL,New Zealand,TE,Total employment,A,Annual,2000,2000,HOUR,Hours,0,Units,,,1836,,
NZL,New Zealand,TE,Total employment,A,Annual,2001,2001,HOUR,Hours,0,Units,,,1825,,
NZL,New Zealand,TE,Total employment,A,Annual,2002,2002,HOUR,Hours,0,Units,,,1826,,
NZL,New Zealand,TE,Total employment,A,Annual,2003,2003,HOUR,Hours,0,Units,,,1823,,
NZL,New Zealand,TE,Total employment,A,Annual,2004,2004,HOUR,Hours,0,Units,,,1830,,
NZL,New Zealand,TE,Total employment,A,Annual,2005,2005,HOUR,Hours,0,Units,,,1815,,
NZL,New Zealand,TE,Total employment,A,Annual,2006,2006,HOUR,Hours,0,Units,,,1795,,
NZL,New Zealand,TE,Total employment,A,Annual,2007,2007,HOUR,Hours,0,Units,,,1774,,
NZL,New Zealand,TE,Total employment,A,Annual,2008,2008,HOUR,Hours,0,Units,,,1761,,
NZL,New Zealand,TE,Total employment,A,Annual,2009,2009,HOUR,Hours,0,Units,,,1740,,
NZL,New Zealand,TE,Total employment,A,Annual,2010,2010,HOUR,Hours,0,Units,,,1755,,
NZL,New Zealand,TE,Total employment,A,Annual,2011,2011,HOUR,Hours,0,Units,,,1746,,
NZL,New Zealand,TE,Total employment,A,Annual,2012,2012,HOUR,Hours,0,Units,,,1734,,
NZL,New Zealand,TE,Total employment,A,Annual,2013,2013,HOUR,Hours,0,Units,,,1752,,
NZL,New Zealand,TE,Total employment,A,Annual,2014,2014,HOUR,Hours,0,Units,,,1762,,
NZL,New Zealand,TE,Total employment,A,Annual,2015,2015,HOUR,Hours,0,Units,,,1757,,
NZL,New Zealand,TE,Total employment,A,Annual,2016,2016,HOUR,Hours,0,Units,,,1752,,
NZL,New Zealand,TE,Total employment,A,Annual,2017,2017,HOUR,Hours,0,Units,,,1753,,
NOR,Norway,TE,Total employment,A,Annual,2000,2000,HOUR,Hours,0,Units,,,1455,,
NOR,Norway,TE,Total employment,A,Annual,2001,2001,HOUR,Hours,0,Units,,,1429,,
NOR,Norway,TE,Total employment,A,Annual,2002,2002,HOUR,Hours,0,Units,,,1414,,
NOR,Norway,TE,Total employment,A,Annual,2003,2003,HOUR,Hours,0,Units,,,1400.7,,
NOR,Norway,TE,Total employment,A,Annual,2004,2004,HOUR,Hours,0,Units,,,1420.5,,
NOR,Norway,TE,Total employment,A,Annual,2005,2005,HOUR,Hours,0,Units,,,1422.8,,
NOR,Norway,TE,Total employment,A,Annual,2006,2006,HOUR,Hours,0,Units,,,1419.8,,
NOR,Norway,TE,Total employment,A,Annual,2007,2007,HOUR,Hours,0,Units,,,1426,,
NOR,Norway,TE,Total employment,A,Annual,2008,2008,HOUR,Hours,0,Units,,,1429.5,,
NOR,Norway,TE,Total employment,A,Annual,2009,2009,HOUR,Hours,0,Units,,,1406.8,,
NOR,Norway,TE,Total employment,A,Annual,2010,2010,HOUR,Hours,0,Units,,,1415.3,,
NOR,Norway,TE,Total employment,A,Annual,2011,2011,HOUR,Hours,0,Units,,,1421.1,,
NOR,Norway,TE,Total employment,A,Annual,2012,2012,HOUR,Hours,0,Units,,,1419.7,,
NOR,Norway,TE,Total employment,A,Annual,2013,2013,HOUR,Hours,0,Units,,,1408.1,,
NOR,Norway,TE,Total employment,A,Annual,2014,2014,HOUR,Hours,0,Units,,,1426.9,,
NOR,Norway,TE,Total employment,A,Annual,2015,2015,HOUR,Hours,0,Units,,,1423.9,,
NOR,Norway,TE,Total employment,A,Annual,2016,2016,HOUR,Hours,0,Units,,,1424.4,,
NOR,Norway,TE,Total employment,A,Annual,2017,2017,HOUR,Hours,0,Units,,,1419.1,,
POL,Poland,TE,Total employment,A,Annual,2000,2000,HOUR,Hours,0,Units,,,1988,,
POL,Poland,TE,Total employment,A,Annual,2001,2001,HOUR,Hours,0,Units,,,1974,,
POL,Poland,TE,Total employment,A,Annual,2002,2002,HOUR,Hours,0,Units,,,1979,,
POL,Poland,TE,Total employment,A,Annual,2003,2003,HOUR,Hours,0,Units,,,1984,,
POL,Poland,TE,Total employment,A,Annual,2004,2004,HOUR,Hours,0,Units,,,1983,,
POL,Poland,TE,Total employment,A,Annual,2005,2005,HOUR,Hours,0,Units,,,1994,,
POL,Poland,TE,Total employment,A,Annual,2006,2006,HOUR,Hours,0,Units,,,1985,,
POL,Poland,TE,Total employment,A,Annual,2007,2007,HOUR,Hours,0,Units,,,1976,,
POL,Poland,TE,Total employment,A,Annual,2008,2008,HOUR,Hours,0,Units,,,1969,,
POL,Poland,TE,Total employment,A,Annual,2009,2009,HOUR,Hours,0,Units,,,1948,,
POL,Poland,TE,Total employment,A,Annual,2010,2010,HOUR,Hours,0,Units,,,1940,,
POL,Poland,TE,Total employment,A,Annual,2011,2011,HOUR,Hours,0,Units,,,1938,,
POL,Poland,TE,Total employment,A,Annual,2012,2012,HOUR,Hours,0,Units,,,1929,,
POL,Poland,TE,Total employment,A,Annual,2013,2013,HOUR,Hours,0,Units,,,1918,,
POL,Poland,TE,Total employment,A,Annual,2014,2014,HOUR,Hours,0,Units,,,1923,,
POL,Poland,TE,Total employment,A,Annual,2015,2015,HOUR,Hours,0,Units,,,1963,,
POL,Poland,TE,Total employment,A,Annual,2016,2016,HOUR,Hours,0,Units,,,1928,,
POL,Poland,TE,Total employment,A,Annual,2017,2017,HOUR,Hours,0,Units,,,1895,,
PRT,Portugal,TE,Total employment,A,Annual,2000,2000,HOUR,Hours,0,Units,,,1917,,
PRT,Portugal,TE,Total employment,A,Annual,2001,2001,HOUR,Hours,0,Units,,,1900,,
PRT,Portugal,TE,Total employment,A,Annual,2002,2002,HOUR,Hours,0,Units,,,1894,,
PRT,Portugal,TE,Total employment,A,Annual,2003,2003,HOUR,Hours,0,Units,,,1887,,
PRT,Portugal,TE,Total employment,A,Annual,2004,2004,HOUR,Hours,0,Units,,,1893,,
PRT,Portugal,TE,Total employment,A,Annual,2005,2005,HOUR,Hours,0,Units,,,1895,,
PRT,Portugal,TE,Total employment,A,Annual,2006,2006,HOUR,Hours,0,Units,,,1883,,
PRT,Portugal,TE,Total employment,A,Annual,2007,2007,HOUR,Hours,0,Units,,,1900,,
PRT,Portugal,TE,Total employment,A,Annual,2008,2008,HOUR,Hours,0,Units,,,1887,,
PRT,Portugal,TE,Total employment,A,Annual,2009,2009,HOUR,Hours,0,Units,,,1887,,
PRT,Portugal,TE,Total employment,A,Annual,2010,2010,HOUR,Hours,0,Units,,,1890,,
PRT,Portugal,TE,Total employment,A,Annual,2011,2011,HOUR,Hours,0,Units,,,1867,,
PRT,Portugal,TE,Total employment,A,Annual,2012,2012,HOUR,Hours,0,Units,,,1849,,
PRT,Portugal,TE,Total employment,A,Annual,2013,2013,HOUR,Hours,0,Units,,,1859,,
PRT,Portugal,TE,Total employment,A,Annual,2014,2014,HOUR,Hours,0,Units,,,1867,,
PRT,Portugal,TE,Total employment,A,Annual,2015,2015,HOUR,Hours,0,Units,,,1875,,
PRT,Portugal,TE,Total employment,A,Annual,2016,2016,HOUR,Hours,0,Units,,,1865,,
PRT,Portugal,TE,Total employment,A,Annual,2017,2017,HOUR,Hours,0,Units,,,1863,,
SVK,Slovak Republic,TE,Total employment,A,Annual,2000,2000,HOUR,Hours,0,Units,,,1816,,
SVK,Slovak Republic,TE,Total employment,A,Annual,2001,2001,HOUR,Hours,0,Units,,,1801,,
SVK,Slovak Republic,TE,Total employment,A,Annual,2002,2002,HOUR,Hours,0,Units,,,1754,,
SVK,Slovak Republic,TE,Total employment,A,Annual,2003,2003,HOUR,Hours,0,Units,,,1698,,
SVK,Slovak Republic,TE,Total employment,A,Annual,2004,2004,HOUR,Hours,0,Units,,,1742,,
SVK,Slovak Republic,TE,Total employment,A,Annual,2005,2005,HOUR,Hours,0,Units,,,1769,,
SVK,Slovak Republic,TE,Total employment,A,Annual,2006,2006,HOUR,Hours,0,Units,,,1774,,
SVK,Slovak Republic,TE,Total employment,A,Annual,2007,2007,HOUR,Hours,0,Units,,,1791,,
SVK,Slovak Republic,TE,Total employment,A,Annual,2008,2008,HOUR,Hours,0,Units,,,1793,,
SVK,Slovak Republic,TE,Total employment,A,Annual,2009,2009,HOUR,Hours,0,Units,,,1780,,
SVK,Slovak Republic,TE,Total employment,A,Annual,2010,2010,HOUR,Hours,0,Units,,,1805,,
SVK,Slovak Republic,TE,Total employment,A,Annual,2011,2011,HOUR,Hours,0,Units,,,1793,,
SVK,Slovak Republic,TE,Total employment,A,Annual,2012,2012,HOUR,Hours,0,Units,,,1789,,
SVK,Slovak Republic,TE,Total employment,A,Annual,2013,2013,HOUR,Hours,0,Units,,,1772,,
SVK,Slovak Republic,TE,Total employment,A,Annual,2014,2014,HOUR,Hours,0,Units,,,1760,,
SVK,Slovak Republic,TE,Total employment,A,Annual,2015,2015,HOUR,Hours,0,Units,,,1754,,
SVK,Slovak Republic,TE,Total employment,A,Annual,2016,2016,HOUR,Hours,0,Units,,,1740,,
SVK,Slovak Republic,TE,Total employment,A,Annual,2017,2017,HOUR,Hours,0,Units,,,1714,,
ESP,Spain,TE,Total employment,A,Annual,2000,2000,HOUR,Hours,0,Units,,,1752.8,,
ESP,Spain,TE,Total employment,A,Annual,2001,2001,HOUR,Hours,0,Units,,,1762.5,,
ESP,Spain,TE,Total employment,A,Annual,2002,2002,HOUR,Hours,0,Units,,,1764.6,,
ESP,Spain,TE,Total employment,A,Annual,2003,2003,HOUR,Hours,0,Units,,,1755.9,,
ESP,Spain,TE,Total employment,A,Annual,2004,2004,HOUR,Hours,0,Units,,,1741.5,,
ESP,Spain,TE,Total employment,A,Annual,2005,2005,HOUR,Hours,0,Units,,,1725.6,,
ESP,Spain,TE,Total employment,A,Annual,2006,2006,HOUR,Hours,0,Units,,,1715.7,,
ESP,Spain,TE,Total employment,A,Annual,2007,2007,HOUR,Hours,0,Units,,,1703.5,,
ESP,Spain,TE,Total employment,A,Annual,2008,2008,HOUR,Hours,0,Units,,,1712.6,,
ESP,Spain,TE,Total employment,A,Annual,2009,2009,HOUR,Hours,0,Units,,,1719.7,,
ESP,Spain,TE,Total employment,A,Annual,2010,2010,HOUR,Hours,0,Units,,,1710.4,,
ESP,Spain,TE,Total employment,A,Annual,2011,2011,HOUR,Hours,0,Units,,,1715.5,,
ESP,Spain,TE,Total employment,A,Annual,2012,2012,HOUR,Hours,0,Units,,,1701.2,,
ESP,Spain,TE,Total employment,A,Annual,2013,2013,HOUR,Hours,0,Units,,,1693.5,,
ESP,Spain,TE,Total employment,A,Annual,2014,2014,HOUR,Hours,0,Units,,,1694.6,,
ESP,Spain,TE,Total employment,A,Annual,2015,2015,HOUR,Hours,0,Units,,,1699.5,,
ESP,Spain,TE,Total employment,A,Annual,2016,2016,HOUR,Hours,0,Units,,,1701.4,,
ESP,Spain,TE,Total employment,A,Annual,2017,2017,HOUR,Hours,0,Units,,,1686.5,,
SWE,Sweden,TE,Total employment,A,Annual,2000,2000,HOUR,Hours,0,Units,,,1642,,
SWE,Sweden,TE,Total employment,A,Annual,2001,2001,HOUR,Hours,0,Units,,,1618,,
SWE,Sweden,TE,Total employment,A,Annual,2002,2002,HOUR,Hours,0,Units,,,1595,,
SWE,Sweden,TE,Total employment,A,Annual,2003,2003,HOUR,Hours,0,Units,,,1582,,
SWE,Sweden,TE,Total employment,A,Annual,2004,2004,HOUR,Hours,0,Units,,,1605,,
SWE,Sweden,TE,Total employment,A,Annual,2005,2005,HOUR,Hours,0,Units,,,1605,,
SWE,Sweden,TE,Total employment,A,Annual,2006,2006,HOUR,Hours,0,Units,,,1599,,
SWE,Sweden,TE,Total employment,A,Annual,2007,2007,HOUR,Hours,0,Units,,,1612,,
SWE,Sweden,TE,Total employment,A,Annual,2008,2008,HOUR,Hours,0,Units,,,1617,,
SWE,Sweden,TE,Total employment,A,Annual,2009,2009,HOUR,Hours,0,Units,,,1609,,
SWE,Sweden,TE,Total employment,A,Annual,2010,2010,HOUR,Hours,0,Units,,,1635,,
SWE,Sweden,TE,Total employment,A,Annual,2011,2011,HOUR,Hours,0,Units,,,1632,,
SWE,Sweden,TE,Total employment,A,Annual,2012,2012,HOUR,Hours,0,Units,,,1618,,
SWE,Sweden,TE,Total employment,A,Annual,2013,2013,HOUR,Hours,0,Units,,,1609,,
SWE,Sweden,TE,Total employment,A,Annual,2014,2014,HOUR,Hours,0,Units,,,1609,,
SWE,Sweden,TE,Total employment,A,Annual,2015,2015,HOUR,Hours,0,Units,,,1610,,
SWE,Sweden,TE,Total employment,A,Annual,2016,2016,HOUR,Hours,0,Units,,,1626,,
SWE,Sweden,TE,Total employment,A,Annual,2017,2017,HOUR,Hours,0,Units,,,1609,,
CHE,Switzerland,TE,Total employment,A,Annual,2000,2000,HOUR,Hours,0,Units,,,1713,,
CHE,Switzerland,TE,Total employment,A,Annual,2001,2001,HOUR,Hours,0,Units,,,1673,,
CHE,Switzerland,TE,Total employment,A,Annual,2002,2002,HOUR,Hours,0,Units,,,1651,,
CHE,Switzerland,TE,Total employment,A,Annual,2003,2003,HOUR,Hours,0,Units,,,1665,,
CHE,Switzerland,TE,Total employment,A,Annual,2004,2004,HOUR,Hours,0,Units,,,1695,,
CHE,Switzerland,TE,Total employment,A,Annual,2005,2005,HOUR,Hours,0,Units,,,1690,,
CHE,Switzerland,TE,Total employment,A,Annual,2006,2006,HOUR,Hours,0,Units,,,1679,,
CHE,Switzerland,TE,Total employment,A,Annual,2007,2007,HOUR,Hours,0,Units,,,1669,,
CHE,Switzerland,TE,Total employment,A,Annual,2008,2008,HOUR,Hours,0,Units,,,1659,,
CHE,Switzerland,TE,Total employment,A,Annual,2009,2009,HOUR,Hours,0,Units,,,1651,,
CHE,Switzerland,TE,Total employment,A,Annual,2010,2010,HOUR,Hours,0,Units,,,1624,,
CHE,Switzerland,TE,Total employment,A,Annual,2011,2011,HOUR,Hours,0,Units,,,1619,,
CHE,Switzerland,TE,Total employment,A,Annual,2012,2012,HOUR,Hours,0,Units,,,1603,,
CHE,Switzerland,TE,Total employment,A,Annual,2013,2013,HOUR,Hours,0,Units,,,1583,,
CHE,Switzerland,TE,Total employment,A,Annual,2014,2014,HOUR,Hours,0,Units,,,1575,,
CHE,Switzerland,TE,Total employment,A,Annual,2015,2015,HOUR,Hours,0,Units,,,1589,,
CHE,Switzerland,TE,Total employment,A,Annual,2016,2016,HOUR,Hours,0,Units,,,1590,,
CHE,Switzerland,TE,Total employment,A,Annual,2017,2017,HOUR,Hours,0,Units,,,1570,,
TUR,Turkey,TE,Total employment,A,Annual,2000,2000,HOUR,Hours,0,Units,,,1937,,
TUR,Turkey,TE,Total employment,A,Annual,2001,2001,HOUR,Hours,0,Units,,,1942,,
TUR,Turkey,TE,Total employment,A,Annual,2002,2002,HOUR,Hours,0,Units,,,1943,,
TUR,Turkey,TE,Total employment,A,Annual,2003,2003,HOUR,Hours,0,Units,,,1943,,
TUR,Turkey,TE,Total employment,A,Annual,2004,2004,HOUR,Hours,0,Units,,,1918,,
TUR,Turkey,TE,Total employment,A,Annual,2005,2005,HOUR,Hours,0,Units,,,1936,,
TUR,Turkey,TE,Total employment,A,Annual,2006,2006,HOUR,Hours,0,Units,,,1944,,
TUR,Turkey,TE,Total employment,A,Annual,2007,2007,HOUR,Hours,0,Units,,,1911,,
TUR,Turkey,TE,Total employment,A,Annual,2008,2008,HOUR,Hours,0,Units,,,1900,,
TUR,Turkey,TE,Total employment,A,Annual,2009,2009,HOUR,Hours,0,Units,,,1881,,
TUR,Turkey,TE,Total employment,A,Annual,2010,2010,HOUR,Hours,0,Units,,,1877,,
TUR,Turkey,TE,Total employment,A,Annual,2011,2011,HOUR,Hours,0,Units,,,1864.22,,
TUR,Turkey,TE,Total employment,A,Annual,2012,2012,HOUR,Hours,0,Units,,,1855.06,,
TUR,Turkey,TE,Total employment,A,Annual,2013,2013,HOUR,Hours,0,Units,,,1832,,
GBR,United Kingdom,TE,Total employment,A,Annual,2000,2000,HOUR,Hours,0,Units,,,1700,,
GBR,United Kingdom,TE,Total employment,A,Annual,2001,2001,HOUR,Hours,0,Units,,,1705,,
GBR,United Kingdom,TE,Total employment,A,Annual,2002,2002,HOUR,Hours,0,Units,,,1684,,
GBR,United Kingdom,TE,Total employment,A,Annual,2003,2003,HOUR,Hours,0,Units,,,1674,,
GBR,United Kingdom,TE,Total employment,A,Annual,2004,2004,HOUR,Hours,0,Units,,,1674,,
GBR,United Kingdom,TE,Total employment,A,Annual,2005,2005,HOUR,Hours,0,Units,,,1673,,
GBR,United Kingdom,TE,Total employment,A,Annual,2006,2006,HOUR,Hours,0,Units,,,1669,,
GBR,United Kingdom,TE,Total employment,A,Annual,2007,2007,HOUR,Hours,0,Units,,,1677,,
GBR,United Kingdom,TE,Total employment,A,Annual,2008,2008,HOUR,Hours,0,Units,,,1659,,
GBR,United Kingdom,TE,Total employment,A,Annual,2009,2009,HOUR,Hours,0,Units,,,1651,,
GBR,United Kingdom,TE,Total employment,A,Annual,2010,2010,HOUR,Hours,0,Units,,,1650,,
GBR,United Kingdom,TE,Total employment,A,Annual,2011,2011,HOUR,Hours,0,Units,,,1634,,
GBR,United Kingdom,TE,Total employment,A,Annual,2012,2012,HOUR,Hours,0,Units,,,1654,,
GBR,United Kingdom,TE,Total employment,A,Annual,2013,2013,HOUR,Hours,0,Units,,,1667,,
GBR,United Kingdom,TE,Total employment,A,Annual,2014,2014,HOUR,Hours,0,Units,,,1678,,
GBR,United Kingdom,TE,Total employment,A,Annual,2015,2015,HOUR,Hours,0,Units,,,1673,,
GBR,United Kingdom,TE,Total employment,A,Annual,2016,2016,HOUR,Hours,0,Units,,,1670,,
GBR,United Kingdom,TE,Total employment,A,Annual,2017,2017,HOUR,Hours,0,Units,,,1681,,
USA,United States,TE,Total employment,A,Annual,2000,2000,HOUR,Hours,0,Units,,,1832,,
USA,United States,TE,Total employment,A,Annual,2001,2001,HOUR,Hours,0,Units,,,1811,,
USA,United States,TE,Total employment,A,Annual,2002,2002,HOUR,Hours,0,Units,,,1806,,
USA,United States,TE,Total employment,A,Annual,2003,2003,HOUR,Hours,0,Units,,,1796,,
USA,United States,TE,Total employment,A,Annual,2004,2004,HOUR,Hours,0,Units,,,1798,,
USA,United States,TE,Total employment,A,Annual,2005,2005,HOUR,Hours,0,Units,,,1794,,
USA,United States,TE,Total employment,A,Annual,2006,2006,HOUR,Hours,0,Units,,,1797,,
USA,United States,TE,Total employment,A,Annual,2007,2007,HOUR,Hours,0,Units,,,1796,,
USA,United States,TE,Total employment,A,Annual,2008,2008,HOUR,Hours,0,Units,,,1787,,
USA,United States,TE,Total employment,A,Annual,2009,2009,HOUR,Hours,0,Units,,,1762,,
USA,United States,TE,Total employment,A,Annual,2010,2010,HOUR,Hours,0,Units,,,1773,,
USA,United States,TE,Total employment,A,Annual,2011,2011,HOUR,Hours,0,Units,,,1780,,
USA,United States,TE,Total employment,A,Annual,2012,2012,HOUR,Hours,0,Units,,,1783,,
USA,United States,TE,Total employment,A,Annual,2013,2013,HOUR,Hours,0,Units,,,1782,,
USA,United States,TE,Total employment,A,Annual,2014,2014,HOUR,Hours,0,Units,,,1784,,
USA,United States,TE,Total employment,A,Annual,2015,2015,HOUR,Hours,0,Units,,,1785,,
USA,United States,TE,Total employment,A,Annual,2016,2016,HOUR,Hours,0,Units,,,1781,,
USA,United States,TE,Total employment,A,Annual,2017,2017,HOUR,Hours,0,Units,,,1780,,
OECD,OECD countries,TE,Total employment,A,Annual,2000,2000,HOUR,Hours,0,Units,,,1841,,
OECD,OECD countries,TE,Total employment,A,Annual,2001,2001,HOUR,Hours,0,Units,,,1826,,
OECD,OECD countries,TE,Total employment,A,Annual,2002,2002,HOUR,Hours,0,Units,,,1817,,
OECD,OECD countries,TE,Total employment,A,Annual,2003,2003,HOUR,Hours,0,Units,,,1810,,
OECD,OECD countries,TE,Total employment,A,Annual,2004,2004,HOUR,Hours,0,Units,,,1810,,
OECD,OECD countries,TE,Total employment,A,Annual,2005,2005,HOUR,Hours,0,Units,,,1806,,
OECD,OECD countries,TE,Total employment,A,Annual,2006,2006,HOUR,Hours,0,Units,,,1806,,
OECD,OECD countries,TE,Total employment,A,Annual,2007,2007,HOUR,Hours,0,Units,,,1802,,
OECD,OECD countries,TE,Total employment,A,Annual,2008,2008,HOUR,Hours,0,Units,,,1793,,
OECD,OECD countries,TE,Total employment,A,Annual,2009,2009,HOUR,Hours,0,Units,,,1766,,
OECD,OECD countries,TE,Total employment,A,Annual,2010,2010,HOUR,Hours,0,Units,,,1775,,
OECD,OECD countries,TE,Total employment,A,Annual,2011,2011,HOUR,Hours,0,Units,,,1773,,
OECD,OECD countries,TE,Total employment,A,Annual,2012,2012,HOUR,Hours,0,Units,,,1772,,
OECD,OECD countries,TE,Total employment,A,Annual,2013,2013,HOUR,Hours,0,Units,,,1766,,
OECD,OECD countries,TE,Total employment,A,Annual,2014,2014,HOUR,Hours,0,Units,,,1765,,
OECD,OECD countries,TE,Total employment,A,Annual,2015,2015,HOUR,Hours,0,Units,,,1767,,
OECD,OECD countries,TE,Total employment,A,Annual,2016,2016,HOUR,Hours,0,Units,,,1765,,
OECD,OECD countries,TE,Total employment,A,Annual,2017,2017,HOUR,Hours,0,Units,,,1759,,
ISR,Israel,TE,Total employment,A,Annual,2000,2000,HOUR,Hours,0,Units,,,2017,,
ISR,Israel,TE,Total employment,A,Annual,2001,2001,HOUR,Hours,0,Units,,,1979,,
ISR,Israel,TE,Total employment,A,Annual,2002,2002,HOUR,Hours,0,Units,,,1993,,
ISR,Israel,TE,Total employment,A,Annual,2003,2003,HOUR,Hours,0,Units,,,1974,,
ISR,Israel,TE,Total employment,A,Annual,2004,2004,HOUR,Hours,0,Units,,,1942,,
ISR,Israel,TE,Total employment,A,Annual,2005,2005,HOUR,Hours,0,Units,,,1931,,
ISR,Israel,TE,Total employment,A,Annual,2006,2006,HOUR,Hours,0,Units,,,1919,,
ISR,Israel,TE,Total employment,A,Annual,2007,2007,HOUR,Hours,0,Units,,,1931,,
ISR,Israel,TE,Total employment,A,Annual,2008,2008,HOUR,Hours,0,Units,,,1929,,
ISR,Israel,TE,Total employment,A,Annual,2009,2009,HOUR,Hours,0,Units,,,1927,,
ISR,Israel,TE,Total employment,A,Annual,2010,2010,HOUR,Hours,0,Units,,,1918,,
ISR,Israel,TE,Total employment,A,Annual,2011,2011,HOUR,Hours,0,Units,,,1920,,
ISR,Israel,TE,Total employment,A,Annual,2012,2012,HOUR,Hours,0,Units,,,1910,,
ISR,Israel,TE,Total employment,A,Annual,2013,2013,HOUR,Hours,0,Units,,,1867,,
ISR,Israel,TE,Total employment,A,Annual,2014,2014,HOUR,Hours,0,Units,,,1853,,
ISR,Israel,TE,Total employment,A,Annual,2015,2015,HOUR,Hours,0,Units,,,1858,,
ISR,Israel,TE,Total employment,A,Annual,2016,2016,HOUR,Hours,0,Units,,,1889,,
ISR,Israel,TE,Total employment,A,Annual,2017,2017,HOUR,Hours,0,Units,,,1885,,
CHL,Chile,TE,Total employment,A,Annual,2000,2000,HOUR,Hours,0,Units,,,2263,,
CHL,Chile,TE,Total employment,A,Annual,2001,2001,HOUR,Hours,0,Units,,,2242,,
CHL,Chile,TE,Total employment,A,Annual,2002,2002,HOUR,Hours,0,Units,,,2250,,
CHL,Chile,TE,Total employment,A,Annual,2003,2003,HOUR,Hours,0,Units,,,2235,,
CHL,Chile,TE,Total employment,A,Annual,2004,2004,HOUR,Hours,0,Units,,,2232,,
CHL,Chile,TE,Total employment,A,Annual,2005,2005,HOUR,Hours,0,Units,,,2157,,
CHL,Chile,TE,Total employment,A,Annual,2006,2006,HOUR,Hours,0,Units,,,2165,,
CHL,Chile,TE,Total employment,A,Annual,2007,2007,HOUR,Hours,0,Units,,,2128,,
CHL,Chile,TE,Total employment,A,Annual,2008,2008,HOUR,Hours,0,Units,,,2095,,
CHL,Chile,TE,Total employment,A,Annual,2009,2009,HOUR,Hours,0,Units,,,2074,,
CHL,Chile,TE,Total employment,A,Annual,2010,2010,HOUR,Hours,0,Units,,,2070,,
CHL,Chile,TE,Total employment,A,Annual,2011,2011,HOUR,Hours,0,Units,,,2047,,
CHL,Chile,TE,Total employment,A,Annual,2012,2012,HOUR,Hours,0,Units,,,2024,,
CHL,Chile,TE,Total employment,A,Annual,2013,2013,HOUR,Hours,0,Units,,,2015,,
CHL,Chile,TE,Total employment,A,Annual,2014,2014,HOUR,Hours,0,Units,,,1990,,
CHL,Chile,TE,Total employment,A,Annual,2015,2015,HOUR,Hours,0,Units,,,1988,,
CHL,Chile,TE,Total employment,A,Annual,2016,2016,HOUR,Hours,0,Units,,,1974,,
CHL,Chile,TE,Total employment,A,Annual,2017,2017,HOUR,Hours,0,Units,,,1954,,
SVN,Slovenia,TE,Total employment,A,Annual,2000,2000,HOUR,Hours,0,Units,,,1710.1,,
SVN,Slovenia,TE,Total employment,A,Annual,2001,2001,HOUR,Hours,0,Units,,,1695.9,,
SVN,Slovenia,TE,Total employment,A,Annual,2002,2002,HOUR,Hours,0,Units,,,1720.5,,
SVN,Slovenia,TE,Total employment,A,Annual,2003,2003,HOUR,Hours,0,Units,,,1723.8,,
SVN,Slovenia,TE,Total employment,A,Annual,2004,2004,HOUR,Hours,0,Units,,,1736.6,,
SVN,Slovenia,TE,Total employment,A,Annual,2005,2005,HOUR,Hours,0,Units,,,1696.6,,
SVN,Slovenia,TE,Total employment,A,Annual,2006,2006,HOUR,Hours,0,Units,,,1667.5,,
SVN,Slovenia,TE,Total employment,A,Annual,2007,2007,HOUR,Hours,0,Units,,,1654.9,,
SVN,Slovenia,TE,Total employment,A,Annual,2008,2008,HOUR,Hours,0,Units,,,1673.7,,
SVN,Slovenia,TE,Total employment,A,Annual,2009,2009,HOUR,Hours,0,Units,,,1678.8,,
SVN,Slovenia,TE,Total employment,A,Annual,2010,2010,HOUR,Hours,0,Units,,,1680.1,,
SVN,Slovenia,TE,Total employment,A,Annual,2011,2011,HOUR,Hours,0,Units,,,1663.2,,
SVN,Slovenia,TE,Total employment,A,Annual,2012,2012,HOUR,Hours,0,Units,,,1644.6,,
SVN,Slovenia,TE,Total employment,A,Annual,2013,2013,HOUR,Hours,0,Units,,,1662.4,,
SVN,Slovenia,TE,Total employment,A,Annual,2014,2014,HOUR,Hours,0,Units,,,1681.9,,
SVN,Slovenia,TE,Total employment,A,Annual,2015,2015,HOUR,Hours,0,Units,,,1687.9,,
SVN,Slovenia,TE,Total employment,A,Annual,2016,2016,HOUR,Hours,0,Units,,,1666.9,,
SVN,Slovenia,TE,Total employment,A,Annual,2017,2017,HOUR,Hours,0,Units,,,1655.1,,
EST,Estonia,TE,Total employment,A,Annual,2000,2000,HOUR,Hours,0,Units,,,1978,,
EST,Estonia,TE,Total employment,A,Annual,2001,2001,HOUR,Hours,0,Units,,,1970,,
EST,Estonia,TE,Total employment,A,Annual,2002,2002,HOUR,Hours,0,Units,,,1973,,
EST,Estonia,TE,Total employment,A,Annual,2003,2003,HOUR,Hours,0,Units,,,1978,,
EST,Estonia,TE,Total employment,A,Annual,2004,2004,HOUR,Hours,0,Units,,,1986,,
EST,Estonia,TE,Total employment,A,Annual,2005,2005,HOUR,Hours,0,Units,,,2008,,
EST,Estonia,TE,Total employment,A,Annual,2006,2006,HOUR,Hours,0,Units,,,2001,,
EST,Estonia,TE,Total employment,A,Annual,2007,2007,HOUR,Hours,0,Units,,,1998,,
EST,Estonia,TE,Total employment,A,Annual,2008,2008,HOUR,Hours,0,Units,,,1968,,
EST,Estonia,TE,Total employment,A,Annual,2009,2009,HOUR,Hours,0,Units,,,1831,,
EST,Estonia,TE,Total employment,A,Annual,2010,2010,HOUR,Hours,0,Units,,,1875,,
EST,Estonia,TE,Total employment,A,Annual,2011,2011,HOUR,Hours,0,Units,,,1919,,
EST,Estonia,TE,Total employment,A,Annual,2012,2012,HOUR,Hours,0,Units,,,1886,,
EST,Estonia,TE,Total employment,A,Annual,2013,2013,HOUR,Hours,0,Units,,,1866,,
EST,Estonia,TE,Total employment,A,Annual,2014,2014,HOUR,Hours,0,Units,,,1859,,
EST,Estonia,TE,Total employment,A,Annual,2015,2015,HOUR,Hours,0,Units,,,1852,,
EST,Estonia,TE,Total employment,A,Annual,2016,2016,HOUR,Hours,0,Units,,,1855,,
EST,Estonia,TE,Total employment,A,Annual,2017,2017,HOUR,Hours,0,Units,,,1857,,
RUS,Russian Federation,TE,Total employment,A,Annual,2000,2000,HOUR,Hours,0,Units,,,1982,,
RUS,Russian Federation,TE,Total employment,A,Annual,2001,2001,HOUR,Hours,0,Units,,,1980,,
RUS,Russian Federation,TE,Total employment,A,Annual,2002,2002,HOUR,Hours,0,Units,,,1982,,
RUS,Russian Federation,TE,Total employment,A,Annual,2003,2003,HOUR,Hours,0,Units,,,1993,,
RUS,Russian Federation,TE,Total employment,A,Annual,2004,2004,HOUR,Hours,0,Units,,,1993,,
RUS,Russian Federation,TE,Total employment,A,Annual,2005,2005,HOUR,Hours,0,Units,,,1989,,
RUS,Russian Federation,TE,Total employment,A,Annual,2006,2006,HOUR,Hours,0,Units,,,1998,,
RUS,Russian Federation,TE,Total employment,A,Annual,2007,2007,HOUR,Hours,0,Units,,,1999,,
RUS,Russian Federation,TE,Total employment,A,Annual,2008,2008,HOUR,Hours,0,Units,,,1997,,
RUS,Russian Federation,TE,Total employment,A,Annual,2009,2009,HOUR,Hours,0,Units,,,1974,,
RUS,Russian Federation,TE,Total employment,A,Annual,2010,2010,HOUR,Hours,0,Units,,,1976,,
RUS,Russian Federation,TE,Total employment,A,Annual,2011,2011,HOUR,Hours,0,Units,,,1979,,
RUS,Russian Federation,TE,Total employment,A,Annual,2012,2012,HOUR,Hours,0,Units,,,1982,,
RUS,Russian Federation,TE,Total employment,A,Annual,2013,2013,HOUR,Hours,0,Units,,,1980,,
RUS,Russian Federation,TE,Total employment,A,Annual,2014,2014,HOUR,Hours,0,Units,,,1985,,
RUS,Russian Federation,TE,Total employment,A,Annual,2015,2015,HOUR,Hours,0,Units,,,1978,,
RUS,Russian Federation,TE,Total employment,A,Annual,2016,2016,HOUR,Hours,0,Units,,,1974,,
RUS,Russian Federation,TE,Total employment,A,Annual,2017,2017,HOUR,Hours,0,Units,,,1980,,
LTU,Lithuania,TE,Total employment,A,Annual,2000,2000,HOUR,Hours,0,Units,,,1897,,
LTU,Lithuania,TE,Total employment,A,Annual,2001,2001,HOUR,Hours,0,Units,,,1911,,
LTU,Lithuania,TE,Total employment,A,Annual,2002,2002,HOUR,Hours,0,Units,,,1874,,
LTU,Lithuania,TE,Total employment,A,Annual,2003,2003,HOUR,Hours,0,Units,,,1844,,
LTU,Lithuania,TE,Total employment,A,Annual,2004,2004,HOUR,Hours,0,Units,,,1878,,
LTU,Lithuania,TE,Total employment,A,Annual,2005,2005,HOUR,Hours,0,Units,,,1879,,
LTU,Lithuania,TE,Total employment,A,Annual,2006,2006,HOUR,Hours,0,Units,,,1874,,
LTU,Lithuania,TE,Total employment,A,Annual,2007,2007,HOUR,Hours,0,Units,,,1903,,
LTU,Lithuania,TE,Total employment,A,Annual,2008,2008,HOUR,Hours,0,Units,,,1933,,
LTU,Lithuania,TE,Total employment,A,Annual,2009,2009,HOUR,Hours,0,Units,,,1863,,
LTU,Lithuania,TE,Total employment,A,Annual,2010,2010,HOUR,Hours,0,Units,,,1884,,
LTU,Lithuania,TE,Total employment,A,Annual,2011,2011,HOUR,Hours,0,Units,,,1859,,
LTU,Lithuania,TE,Total employment,A,Annual,2012,2012,HOUR,Hours,0,Units,,,1857,,
LTU,Lithuania,TE,Total employment,A,Annual,2013,2013,HOUR,Hours,0,Units,,,1841,,
LTU,Lithuania,TE,Total employment,A,Annual,2014,2014,HOUR,Hours,0,Units,,,1833,,
LTU,Lithuania,TE,Total employment,A,Annual,2015,2015,HOUR,Hours,0,Units,,,1860,,
LTU,Lithuania,TE,Total employment,A,Annual,2016,2016,HOUR,Hours,0,Units,,,1885,,
LTU,Lithuania,TE,Total employment,A,Annual,2017,2017,HOUR,Hours,0,Units,,,1844,,
LVA,Latvia,TE,Total employment,A,Annual,2000,2000,HOUR,Hours,0,Units,,,1976,,
LVA,Latvia,TE,Total employment,A,Annual,2001,2001,HOUR,Hours,0,Units,,,1987,,
LVA,Latvia,TE,Total employment,A,Annual,2002,2002,HOUR,Hours,0,Units,,,1938,,
LVA,Latvia,TE,Total employment,A,Annual,2003,2003,HOUR,Hours,0,Units,,,1928,,
LVA,Latvia,TE,Total employment,A,Annual,2004,2004,HOUR,Hours,0,Units,,,1878,,
LVA,Latvia,TE,Total employment,A,Annual,2005,2005,HOUR,Hours,0,Units,,,1906,,
LVA,Latvia,TE,Total employment,A,Annual,2006,2006,HOUR,Hours,0,Units,,,1907,,
LVA,Latvia,TE,Total employment,A,Annual,2007,2007,HOUR,Hours,0,Units,,,1878,,
LVA,Latvia,TE,Total employment,A,Annual,2008,2008,HOUR,Hours,0,Units,,,2002,,
LVA,Latvia,TE,Total employment,A,Annual,2009,2009,HOUR,Hours,0,Units,,,1952,,
LVA,Latvia,TE,Total employment,A,Annual,2010,2010,HOUR,Hours,0,Units,,,1935,,
LVA,Latvia,TE,Total employment,A,Annual,2011,2011,HOUR,Hours,0,Units,,,1952,,
LVA,Latvia,TE,Total employment,A,Annual,2012,2012,HOUR,Hours,0,Units,,,1934,,
LVA,Latvia,TE,Total employment,A,Annual,2013,2013,HOUR,Hours,0,Units,,,1928,,
LVA,Latvia,TE,Total employment,A,Annual,2014,2014,HOUR,Hours,0,Units,,,1938,,
LVA,Latvia,TE,Total employment,A,Annual,2015,2015,HOUR,Hours,0,Units,,,1902,,
LVA,Latvia,TE,Total employment,A,Annual,2016,2016,HOUR,Hours,0,Units,,,1902,,
LVA,Latvia,TE,Total employment,A,Annual,2017,2017,HOUR,Hours,0,Units,,,1875,,
CRI,Costa Rica,TE,Total employment,A,Annual,2000,2000,HOUR,Hours,0,Units,,,2362,,
CRI,Costa Rica,TE,Total employment,A,Annual,2001,2001,HOUR,Hours,0,Units,,,2329,,
CRI,Costa Rica,TE,Total employment,A,Annual,2002,2002,HOUR,Hours,0,Units,,,2357,,
CRI,Costa Rica,TE,Total employment,A,Annual,2003,2003,HOUR,Hours,0,Units,,,2350,,
CRI,Costa Rica,TE,Total employment,A,Annual,2004,2004,HOUR,Hours,0,Units,,,2369,,
CRI,Costa Rica,TE,Total employment,A,Annual,2005,2005,HOUR,Hours,0,Units,,,2352,,
CRI,Costa Rica,TE,Total employment,A,Annual,2006,2006,HOUR,Hours,0,Units,,,2360,,
CRI,Costa Rica,TE,Total employment,A,Annual,2007,2007,HOUR,Hours,0,Units,,,2387,,
CRI,Costa Rica,TE,Total employment,A,Annual,2008,2008,HOUR,Hours,0,Units,,,2392,,
CRI,Costa Rica,TE,Total employment,A,Annual,2009,2009,HOUR,Hours,0,Units,,,2348,,
CRI,Costa Rica,TE,Total employment,A,Annual,2010,2010,HOUR,Hours,0,Units,,,2243.08,,
CRI,Costa Rica,TE,Total employment,A,Annual,2011,2011,HOUR,Hours,0,Units,,,2285.28,,
CRI,Costa Rica,TE,Total employment,A,Annual,2012,2012,HOUR,Hours,0,Units,,,2233.36,,
CRI,Costa Rica,TE,Total employment,A,Annual,2013,2013,HOUR,Hours,0,Units,,,2140.56,,
CRI,Costa Rica,TE,Total employment,A,Annual,2014,2014,HOUR,Hours,0,Units,,,2121.69,,
CRI,Costa Rica,TE,Total employment,A,Annual,2015,2015,HOUR,Hours,0,Units,,,2148.18,,
CRI,Costa Rica,TE,Total employment,A,Annual,2016,2016,HOUR,Hours,0,Units,,,2204.65,,
CRI,Costa Rica,TE,Total employment,A,Annual,2017,2017,HOUR,Hours,0,Units,,,2178.92,,
